ID,Answer,Time
1,N/A,0.0
2,N/A,0.0
3,N/A,0.0
4,N/A,0.0
5,N/A,0.0
6,N/A,0.0
7,N/A,0.0
8,N/A,0.0
9,N/A,0.0
10,N/A,0.0
11,N/A,0.0
12,N/A,0.0
13,N/A,0.0
14,N/A,0.0
15,N/A,0.0
16,N/A,0.0
17,21124,0.09610900000552647
18,N/A,0.0
19,N/A,0.0
20,N/A,0.0
21,N/A,0.0
22,N/A,0.0
23,N/A,0.0
24,N/A,0.0
25,N/A,0.0
26,983,0.11526799999410287
27,N/A,0.0
28,N/A,0.0
29,N/A,0.0
30,N/A,0.0
31,N/A,0.0
32,45228,1.8608639000012772
33,100,0.09085930000583176
34,N/A,0.0
35,N/A,0.0
36,N/A,0.0
37,N/A,0.0
38,932718654,0.140093900001375
39,N/A,0.0
40,N/A,0.0
41,7652413,0.5091205999924568
42,N/A,0.0
43,16695334890,5.927465900007519
44,5482660,1.058197599995765
45,N/A,0.0
46,N/A,0.0
47,N/A,0.0
48,N/A,0.0
49,N/A,0.0
50,N/A,0.0
51,121313,2.114645499998005
52,N/A,0.0
53,4075,0.07933720000437461
54,376,0.13582290000340436
55,N/A,0.0
56,N/A,0.0
57,153,0.1022748999967007
58,N/A,0.0
59,,1.5522085999982664
60,N/A,0.0
61,28684,0.18157030000293162
62,127035954683,0.0885102000029292
63,49,0.08796869999787305
64,N/A,0.0
65,272,0.11655500000051688
66,N/A,0.0
67,N/A,0.0
68,6531031914842725,7.937625500009744
69,N/A,0.0
70,N/A,0.0
71,N/A,0.0
72,N/A,0.0
73,N/A,0.0
74,402,11.054280299998936
75,N/A,0.0
76,N/A,0.0
77,N/A,0.0
78,N/A,0.0
79,N/A,0.0
80,40886,0.10082140000304207
81,N/A,0.0
82,N/A,0.0
83,N/A,0.0
84,N/A,0.0
85,2772,1.0034778999979608
86,N/A,0.0
87,N/A,0.0
88,N/A,0.0
89,743,0.10625050000089686
90,1217,0.41872989998955745
91,N/A,0.0
92,N/A,0.0
93,N/A,0.0
94,N/A,0.0
95,N/A,0.0
96,24702,3.0672701000003144
97,N/A,0.0
98,18769,27.95427020000352
99,N/A,0.0
100,756872327473,0.1125064000079874
101,37076114526,1.1059152000088943
102,228,0.0888900999998441
103,N/A,0.0
104,329468,0.307972200011136
105,N/A,0.0
106,N/A,0.0
107,N/A,0.0
108,N/A,0.0
109,N/A,0.0
110,9350130049860600,0.08947219999390654
111,N/A,0.0
112,1587000,2.4341297000064515
113,N/A,0.0
114,N/A,0.0
115,N/A,0.0
116,N/A,0.0
117,N/A,0.0
118,N/A,0.0
119,N/A,0.0
120,333082500,0.08398929999384563
121,N/A,0.0
122,N/A,0.0
123,N/A,0.0
124,N/A,0.0
125,N/A,0.0
126,N/A,0.0
127,N/A,0.0
128,N/A,0.0
129,N/A,0.0
130,N/A,0.0
131,N/A,0.0
132,843296,0.11631759999727365
133,N/A,0.0
134,N/A,0.0
135,N/A,0.0
136,N/A,0.0
137,N/A,0.0
138,N/A,0.0
139,N/A,0.0
140,N/A,0.0
141,N/A,0.0
142,N/A,0.0
143,N/A,0.0
144,N/A,0.0
145,N/A,0.0
146,N/A,0.0
147,N/A,0.0
148,N/A,0.0
149,N/A,0.0
150,N/A,0.0
151,N/A,0.0
152,N/A,0.0
153,N/A,0.0
154,N/A,0.0
155,N/A,0.0
156,N/A,0.0
157,N/A,0.0
158,N/A,0.0
159,N/A,0.0
160,N/A,0.0
161,N/A,0.0
162,N/A,0.0
163,N/A,0.0
164,N/A,0.0
165,N/A,0.0
166,N/A,0.0
167,N/A,0.0
168,59206,0.08535850000043865
169,N/A,0.0
170,N/A,0.0
171,N/A,0.0
172,N/A,0.0
173,N/A,0.0
174,N/A,0.0
175,N/A,0.0
176,N/A,0.0
177,N/A,0.0
178,N/A,0.0
179,N/A,0.0
180,N/A,0.0
181,N/A,0.0
182,N/A,0.0
183,N/A,0.0
184,N/A,0.0
185,4640261571849533,0.2775743000092916
186,N/A,0.0
187,N/A,0.0
188,N/A,0.0
189,N/A,0.0
190,N/A,0.0
191,N/A,0.0
192,N/A,0.0
193,N/A,0.0
194,N/A,0.0
195,N/A,0.0
196,N/A,0.0
197,N/A,0.0
198,N/A,0.0
199,N/A,0.0
200,N/A,0.0
201,N/A,0.0
202,N/A,0.0
203,34029210557338,0.10464789999241475
204,N/A,0.0
205,0.5731441,0.23553150000225287
206,1389019170,10.55500760000723
207,N/A,0.0
208,N/A,0.0
209,N/A,0.0
210,N/A,0.0
211,N/A,0.0
212,N/A,0.0
213,N/A,0.0
214,N/A,0.0
215,N/A,0.0
216,N/A,0.0
217,N/A,0.0
218,N/A,0.0
219,N/A,0.0
220,N/A,0.0
221,1884161251122450,110.09954440000001
222,N/A,0.0
223,N/A,0.0
224,N/A,0.0
225,N/A,0.0
226,N/A,0.0
227,N/A,0.0
228,N/A,0.0
229,N/A,0.0
230,N/A,0.0
231,N/A,0.0
232,N/A,0.0
233,N/A,0.0
234,N/A,0.0
235,1.002322108633,0.12506299999949988
236,N/A,0.0
237,N/A,0.0
238,N/A,0.0
239,N/A,0.0
240,N/A,0.0
241,N/A,0.0
242,N/A,0.0
243,N/A,0.0
244,N/A,0.0
245,N/A,0.0
246,N/A,0.0
247,N/A,0.0
248,N/A,0.0
249,N/A,0.0
250,N/A,0.0
251,N/A,0.0
252,N/A,0.0
253,N/A,0.0
254,N/A,0.0
255,N/A,0.0
256,N/A,0.0
257,N/A,0.0
258,N/A,0.0
259,N/A,0.0
260,N/A,0.0
261,N/A,0.0
262,N/A,0.0
263,N/A,0.0
264,N/A,0.0
265,N/A,0.0
266,N/A,0.0
267,N/A,0.0
268,N/A,0.0
269,N/A,0.0
270,N/A,0.0
271,N/A,0.0
272,N/A,0.0
273,N/A,0.0
274,N/A,0.0
275,N/A,0.0
276,N/A,0.0
277,N/A,0.0
278,N/A,0.0
279,N/A,0.0
280,N/A,0.0
281,N/A,0.0
282,N/A,0.0
283,N/A,0.0
284,N/A,0.0
285,N/A,0.0
286,N/A,0.0
287,N/A,0.0
288,N/A,0.0
289,N/A,0.0
290,N/A,0.0
291,N/A,0.0
292,N/A,0.0
293,N/A,0.0
294,N/A,0.0
295,N/A,0.0
296,N/A,0.0
297,N/A,0.0
298,N/A,0.0
299,N/A,0.0
300,N/A,0.0
301,N/A,0.0
302,N/A,0.0
303,N/A,0.0
304,N/A,0.0
305,N/A,0.0
306,N/A,0.0
307,N/A,0.0
308,N/A,0.0
309,N/A,0.0
310,N/A,0.0
311,N/A,0.0
312,N/A,0.0
313,N/A,0.0
314,N/A,0.0
315,N/A,0.0
316,N/A,0.0
317,N/A,0.0
318,N/A,0.0
319,N/A,0.0
320,N/A,0.0
321,N/A,0.0
322,N/A,0.0
323,6.3551758451,0.09185449998767581
324,N/A,0.0
325,N/A,0.0
326,N/A,0.0
327,N/A,0.0
328,N/A,0.0
329,N/A,0.0
330,N/A,0.0
331,N/A,0.0
332,N/A,0.0
333,N/A,0.0
334,N/A,0.0
335,N/A,0.0
336,N/A,0.0
337,N/A,0.0
338,N/A,0.0
339,N/A,0.0
340,N/A,0.0
341,N/A,0.0
342,N/A,0.0
343,N/A,0.0
344,N/A,0.0
345,N/A,0.0
346,N/A,0.0
347,N/A,0.0
348,N/A,0.0
349,N/A,0.0
350,N/A,0.0
351,N/A,0.0
352,N/A,0.0
353,N/A,0.0
354,N/A,0.0
355,N/A,0.0
356,N/A,0.0
357,N/A,0.0
358,N/A,0.0
359,N/A,0.0
360,N/A,0.0
361,N/A,0.0
362,N/A,0.0
363,N/A,0.0
364,N/A,0.0
365,162619462356610313,9.660058599998592
366,N/A,0.0
367,N/A,0.0
368,N/A,0.0
369,N/A,0.0
370,N/A,0.0
371,N/A,0.0
372,N/A,0.0
373,N/A,0.0
374,N/A,0.0
375,N/A,0.0
376,N/A,0.0
377,N/A,0.0
378,N/A,0.0
379,N/A,0.0
380,6.3202E+25093,4.599998800011235
381,N/A,0.0
382,N/A,0.0
383,N/A,0.0
384,N/A,0.0
385,N/A,0.0
386,N/A,0.0
387,696067597313468,0.1815725000051316
388,N/A,0.0
389,N/A,0.0
390,N/A,0.0
391,N/A,0.0
392,N/A,0.0
393,N/A,0.0
394,N/A,0.0
395,N/A,0.0
396,N/A,0.0
397,N/A,0.0
398,N/A,0.0
399,N/A,0.0
400,N/A,0.0
401,N/A,0.0
402,N/A,0.0
403,N/A,0.0
404,N/A,0.0
405,N/A,0.0
406,N/A,0.0
407,N/A,0.0
408,N/A,0.0
409,N/A,0.0
410,N/A,0.0
411,N/A,0.0
412,38788800,0.15440559999842662
413,N/A,0.0
414,N/A,0.0
415,N/A,0.0
416,N/A,0.0
417,N/A,0.0
418,N/A,0.0
419,N/A,0.0
420,N/A,0.0
421,N/A,0.0
422,N/A,0.0
423,N/A,0.0
424,N/A,0.0
425,N/A,0.0
426,N/A,0.0
427,N/A,0.0
428,N/A,0.0
429,N/A,0.0
430,5000624921.384702,0.08058480000181589
431,N/A,0.0
432,N/A,0.0
433,N/A,0.0
434,N/A,0.0
435,N/A,0.0
436,N/A,0.0
437,N/A,0.0
438,N/A,0.0
439,N/A,0.0
440,N/A,0.0
441,N/A,0.0
442,N/A,0.0
443,N/A,0.0
444,N/A,0.0
445,N/A,0.0
446,N/A,0.0
447,N/A,0.0
448,N/A,0.0
449,103.37870096,1.3985593999968842
450,N/A,0.0
451,N/A,0.0
452,N/A,0.0
453,N/A,0.0
454,N/A,0.0
455,N/A,0.0
456,N/A,0.0
457,N/A,0.0
458,N/A,0.0
459,N/A,0.0
460,N/A,0.0
461,N/A,0.0
462,5.5350769703e+1512,0.08630859998811502
463,808981553,0.19221410001046024
464,N/A,0.0
465,N/A,0.0
466,N/A,0.0
467,N/A,0.0
468,N/A,0.0
469,N/A,0.0
470,N/A,0.0
471,N/A,0.0
472,N/A,0.0
473,N/A,0.0
474,N/A,0.0
475,N/A,0.0
476,N/A,0.0
477,N/A,0.0
478,N/A,0.0
479,191541795,1.930518299996038
480,N/A,0.0
481,N/A,0.0
482,N/A,0.0
483,N/A,0.0
484,N/A,0.0
485,N/A,0.0
486,N/A,0.0
487,N/A,0.0
488,N/A,0.0
489,N/A,0.0
490,N/A,0.0
491,N/A,0.0
492,N/A,0.0
493,6.818741802,0.09793839999474585
494,N/A,0.0
495,N/A,0.0
496,N/A,0.0
497,N/A,0.0
498,N/A,0.0
499,N/A,0.0
500,N/A,0.0
501,N/A,0.0
502,N/A,0.0
503,N/A,0.0
504,N/A,0.0
505,N/A,0.0
506,N/A,0.0
507,N/A,0.0
508,N/A,0.0
509,N/A,0.0
510,N/A,0.0
511,N/A,0.0
512,N/A,0.0
513,N/A,0.0
514,N/A,0.0
515,N/A,0.0
516,N/A,0.0
517,N/A,0.0
518,N/A,0.0
519,N/A,0.0
520,N/A,0.0
521,N/A,0.0
522,N/A,0.0
523,37125450.44,0.0904887999931816
524,2432925835413407847,0.25879550000536256
525,N/A,0.0
526,N/A,0.0
527,N/A,0.0
528,N/A,0.0
529,N/A,0.0
530,N/A,0.0
531,N/A,0.0
532,N/A,0.0
533,N/A,0.0
534,N/A,0.0
535,N/A,0.0
536,N/A,0.0
537,N/A,0.0
538,N/A,0.0
539,N/A,0.0
540,N/A,0.0
541,N/A,0.0
542,N/A,0.0
543,N/A,0.0
544,N/A,0.0
545,N/A,0.0
546,N/A,0.0
547,N/A,0.0
548,N/A,0.0
549,N/A,0.0
550,N/A,0.0
551,N/A,0.0
552,N/A,0.0
553,N/A,0.0
554,N/A,0.0
555,N/A,0.0
556,N/A,0.0
557,N/A,0.0
558,N/A,0.0
559,N/A,0.0
560,N/A,0.0
561,452480999988235494,0.07939169999735896
562,N/A,0.0
563,N/A,0.0
564,N/A,0.0
565,N/A,0.0
566,N/A,0.0
567,N/A,0.0
568,N/A,0.0
569,N/A,0.0
570,N/A,0.0
571,N/A,0.0
572,N/A,0.0
573,N/A,0.0
574,N/A,0.0
575,N/A,0.0
576,N/A,0.0
577,N/A,0.0
578,N/A,0.0
579,N/A,0.0
580,N/A,0.0
581,N/A,0.0
582,N/A,0.0
583,N/A,0.0
584,N/A,0.0
585,N/A,0.0
586,N/A,0.0
587,2240,2.3299454000080004
588,N/A,0.0
589,N/A,0.0
590,N/A,0.0
591,N/A,0.0
592,N/A,0.0
593,N/A,0.0
594,N/A,0.0
595,N/A,0.0
596,N/A,0.0
597,N/A,0.0
598,N/A,0.0
599,N/A,0.0
600,N/A,0.0
601,N/A,0.0
602,N/A,0.0
603,N/A,0.0
604,N/A,0.0
605,N/A,0.0
606,N/A,0.0
607,N/A,0.0
608,N/A,0.0
609,N/A,0.0
610,N/A,0.0
611,N/A,0.0
612,N/A,0.0
613,N/A,0.0
614,N/A,0.0
615,N/A,0.0
616,N/A,0.0
617,N/A,0.0
618,N/A,0.0
619,N/A,0.0
620,N/A,0.0
621,N/A,0.0
622,N/A,0.0
623,N/A,0.0
624,N/A,0.0
625,N/A,0.0
626,N/A,0.0
627,N/A,0.0
628,N/A,0.0
629,N/A,0.0
630,N/A,0.0
631,N/A,0.0
632,N/A,0.0
633,N/A,0.0
634,N/A,0.0
635,N/A,0.0
636,N/A,0.0
637,N/A,0.0
638,N/A,0.0
639,N/A,0.0
640,N/A,0.0
641,N/A,0.0
642,N/A,0.0
643,N/A,0.0
644,N/A,0.0
645,N/A,0.0
646,N/A,0.0
647,N/A,0.0
648,N/A,0.0
649,N/A,0.0
650,N/A,0.0
651,N/A,0.0
652,N/A,0.0
653,N/A,0.0
654,N/A,0.0
655,N/A,0.0
656,N/A,0.0
657,N/A,0.0
658,N/A,0.0
659,N/A,0.0
660,N/A,0.0
661,N/A,0.0
662,N/A,0.0
663,N/A,0.0
664,N/A,0.0
665,N/A,0.0
666,N/A,0.0
667,N/A,0.0
668,N/A,0.0
669,N/A,0.0
670,N/A,0.0
671,N/A,0.0
672,N/A,0.0
673,N/A,0.0
674,N/A,0.0
675,N/A,0.0
676,N/A,0.0
677,N/A,0.0
678,N/A,0.0
679,N/A,0.0
680,N/A,0.0
681,N/A,0.0
682,N/A,0.0
683,N/A,0.0
684,N/A,0.0
685,N/A,0.0
686,N/A,0.0
687,N/A,0.0
688,N/A,0.0
689,N/A,0.0
690,N/A,0.0
691,N/A,0.0
692,N/A,0.0
693,N/A,0.0
694,N/A,0.0
695,N/A,0.0
696,N/A,0.0
697,N/A,0.0
698,N/A,0.0
699,N/A,0.0
700,N/A,0.0
701,N/A,0.0
702,N/A,0.0
703,N/A,0.0
704,501985601490518144,0.08378760000050534
705,N/A,0.0
706,N/A,0.0
707,N/A,0.0
708,N/A,0.0
709,N/A,0.0
710,N/A,0.0
711,N/A,0.0
712,N/A,0.0
713,N/A,0.0
714,N/A,0.0
715,N/A,0.0
716,N/A,0.0
717,N/A,0.0
718,N/A,0.0
719,N/A,0.0
720,N/A,0.0
721,N/A,0.0
722,N/A,0.0
723,N/A,0.0
724,N/A,0.0
725,N/A,0.0
726,N/A,0.0
727,N/A,0.0
728,N/A,0.0
729,N/A,0.0
730,N/A,0.0
731,N/A,0.0
732,N/A,0.0
733,N/A,0.0
734,N/A,0.0
735,N/A,0.0
736,N/A,0.0
737,N/A,0.0
738,N/A,0.0
739,N/A,0.0
740,N/A,0.0
741,N/A,0.0
742,N/A,0.0
743,N/A,0.0
744,N/A,0.0
745,N/A,0.0
746,N/A,0.0
747,N/A,0.0
748,N/A,0.0
749,N/A,0.0
750,N/A,0.0
751,2.223561019313554106173177,0.09810299999662675
752,N/A,0.0
753,N/A,0.0
754,N/A,0.0
755,N/A,0.0
756,N/A,0.0
757,N/A,0.0
758,N/A,0.0
759,N/A,0.0
760,N/A,0.0
761,N/A,0.0
762,N/A,0.0
763,N/A,0.0
764,N/A,0.0
765,N/A,0.0
766,N/A,0.0
767,N/A,0.0
768,N/A,0.0
769,N/A,0.0
770,N/A,0.0
771,N/A,0.0
772,N/A,0.0
773,N/A,0.0
774,N/A,0.0
775,N/A,0.0
776,N/A,0.0
777,N/A,0.0
778,N/A,0.0
779,N/A,0.0
780,N/A,0.0
781,N/A,0.0
782,N/A,0.0
783,N/A,0.0
784,N/A,0.0
785,N/A,0.0
786,N/A,0.0
787,N/A,0.0
788,471745499,0.58775799999421
789,N/A,0.0
790,N/A,0.0
791,N/A,0.0
792,N/A,0.0
793,N/A,0.0
794,N/A,0.0
795,N/A,0.0
796,N/A,0.0
797,N/A,0.0
798,N/A,0.0
799,N/A,0.0
800,N/A,0.0
801,N/A,0.0
802,N/A,0.0
803,N/A,0.0
804,N/A,0.0
805,N/A,0.0
806,N/A,0.0
807,N/A,0.0
808,N/A,0.0
809,N/A,0.0
810,N/A,0.0
811,N/A,0.0
812,N/A,0.0
813,N/A,0.0
814,N/A,0.0
815,N/A,0.0
816,N/A,0.0
817,N/A,0.0
818,N/A,0.0
819,N/A,0.0
820,44967734,17.6872643000097
821,N/A,0.0
822,N/A,0.0
823,N/A,0.0
824,N/A,0.0
825,N/A,0.0
826,N/A,0.0
827,N/A,0.0
828,N/A,0.0
829,N/A,0.0
830,N/A,0.0
831,N/A,0.0
832,N/A,0.0
833,N/A,0.0
834,N/A,0.0
835,N/A,0.0
836,N/A,0.0
837,N/A,0.0
838,N/A,0.0
839,N/A,0.0
840,N/A,0.0
841,N/A,0.0
842,N/A,0.0
843,N/A,0.0
844,N/A,0.0
845,N/A,0.0
846,N/A,0.0
847,N/A,0.0
848,N/A,0.0
849,N/A,0.0
850,N/A,0.0
851,N/A,0.0
852,N/A,0.0
853,N/A,0.0
854,N/A,0.0
855,N/A,0.0
856,N/A,0.0
857,N/A,0.0
858,N/A,0.0
859,N/A,0.0
860,N/A,0.0
861,N/A,0.0
862,N/A,0.0
863,N/A,0.0
864,N/A,0.0
865,N/A,0.0
866,N/A,0.0
867,N/A,0.0
868,N/A,0.0
869,N/A,0.0
870,N/A,0.0
871,N/A,0.0
872,2903144925319290239,0.08450040000025183
873,N/A,0.0
874,N/A,0.0
875,N/A,0.0
876,N/A,0.0
877,N/A,0.0
878,N/A,0.0
879,N/A,0.0
880,N/A,0.0
881,N/A,0.0
882,N/A,0.0
883,N/A,0.0
884,N/A,0.0
885,N/A,0.0
886,N/A,0.0
887,N/A,0.0
888,N/A,0.0
889,N/A,0.0
890,N/A,0.0
891,N/A,0.0
892,N/A,0.0
893,N/A,0.0
894,N/A,0.0
895,N/A,0.0
896,N/A,0.0
897,N/A,0.0
898,N/A,0.0
899,N/A,0.0
900,N/A,0.0
